item_id,item_name,kind,quality,slot,source_type,source_id,source_name,source_detail,drop_rate,drop_rate_decimal,roll_group,gated_by_quest_id,gated_by_quest_name,classes,notes
apprentice_robe,Apprentice's Robe,armor,common,chest,starting_equipment,mage,Mage,start chest,,,,,,mage,
apprentice_robe,Apprentice's Robe,armor,common,chest,starting_equipment,priest,Priest,start chest,,,,,,priest,
apprentice_robe,Apprentice's Robe,armor,common,chest,starting_equipment,warlock,Warlock,start chest,,,,,,warlock,
bastion_ward_stone,Bastion Ward Stone,quest,,,ground_object,bastion_ward_stone,Bastion Ward Stone,2 spawn positions,100%,1,,,,,
bastion_ward_stone,Bastion Ward Stone,quest,,,quest_objective,q_bastion_door,The Sunken Bastion,Bastion Ward Stone x1,,,,,,,Required by quest objective; see mob_drop or ground_object rows for acquisition source.
blessed_embers,Blessed Embers,quest,,,mob_drop,stormcrag_elemental,Stormcrag Elemental,"elemental, level 17-18",55%,0.55,,q_breaking_the_seal,Breaking the Seal,,
blessed_embers,Blessed Embers,quest,,,quest_objective,q_breaking_the_seal,Breaking the Seal,Blessed Embers x5,,,,,,,Required by quest objective; see mob_drop or ground_object rows for acquisition source.
blessed_wax,Blessed Tallow,quest,,,mob_drop,tunnel_rat,Tunnel Rat Digger,"kobold, level 4-6",45%,0.45,,q_rite,The Binding Rite,,
blessed_wax,Blessed Tallow,quest,,,quest_objective,q_rite,The Binding Rite,Blessed Tallow x4,,,,,,,Required by quest objective; see mob_drop or ground_object rows for acquisition source.
bogiron_hauberk,Bogiron Hauberk,armor,common,chest,vendor,provisioner_hale,Provisioner Hale,Provisioner,,,,,,,Vendor price 0g 30s 0c
bogiron_mace,Bogiron Mace,weapon,common,mainhand,vendor,provisioner_hale,Provisioner Hale,Provisioner,,,,,,,Vendor price 0g 25s 0c
bogiron_nugget,Bogiron Nugget,junk,poor,,mob_drop,fen_troll,Mirefen Troll,"troll, level 10-12",30%,0.3,,,,,
bone_fragments,Bone Fragments,junk,poor,,mob_drop,bastion_revenant,Bastion Revenant,"undead, level 12-13, elite",70%,0.7,,,,,
bone_fragments,Bone Fragments,junk,poor,,mob_drop,boneclad_revenant,Boneclad Revenant,"undead, level 18-19",60%,0.6,,,,,
bone_fragments,Bone Fragments,junk,poor,,mob_drop,crypt_shambler,Crypt Shambler,"undead, level 7-8, elite",80%,0.8,,,,,
bone_fragments,Bone Fragments,junk,poor,,mob_drop,drowned_dead,Drowned Dead,"undead, level 9-11",50%,0.5,,,,,
bone_fragments,Bone Fragments,junk,poor,,mob_drop,marrowlord_varkas,Marrowlord Varkas,"undead, level 19-19, elite, rare",100%,1,,,,,
bone_fragments,Bone Fragments,junk,poor,,mob_drop,restless_bones,Restless Bones,"undead, level 5-7",60%,0.6,,,,,
bone_fragments,Bone Fragments,junk,poor,,mob_drop,sanctum_boneguard,Sanctum Boneguard,"undead, level 19-19, elite",60%,0.6,,,,,
boneguard_breastplate,Boneguard Breastplate,armor,rare,chest,mob_drop,grand_necromancer_velkhar,Grand Necromancer Velkhar,"humanoid, level 20-20, elite",10%,0.1,velkhar_bonus,,,,Exclusive roll group: at most one item from this group is selected by the listed weights.
boneguard_breastplate,Boneguard Breastplate,armor,rare,chest,quest_reward,q_velkhar,The Grand Necromancer,reward for warrior,,,,,,warrior,
boneguard_breastplate,Boneguard Breastplate,armor,rare,chest,quest_reward,q_velkhar,The Grand Necromancer,reward for paladin,,,,,,paladin,
boneguard_breastplate,Boneguard Breastplate,armor,rare,chest,quest_reward,q_velkhar,The Grand Necromancer,reward for shaman,,,,,,shaman,
boneplate_vest,Boneplate Vest,armor,uncommon,chest,mob_drop,grand_necromancer_velkhar,Grand Necromancer Velkhar,"humanoid, level 20-20, elite",34%,0.34,velkhar_guaranteed_uncommon,,,,Exclusive roll group: at most one item from this group is selected by the listed weights.
boneplate_vest,Boneplate Vest,armor,uncommon,chest,mob_drop,korgath_the_bound,Korgath the Bound,"ogre, level 20-20, elite",34%,0.34,korgath_guaranteed_uncommon,,,,Exclusive roll group: at most one item from this group is selected by the listed weights.
boneplate_vest,Boneplate Vest,armor,uncommon,chest,mob_drop,korzul_the_gravewyrm,Korzul the Gravewyrm,"dragonkin, level 20-20, boss, elite",34%,0.34,korzul_guaranteed_uncommon,,,,Exclusive roll group: at most one item from this group is selected by the listed weights.
boneplate_vest,Boneplate Vest,armor,uncommon,chest,quest_reward,q_revenant_vanguard,Bones of the Vanguard,reward for warrior,,,,,,warrior,
boneplate_vest,Boneplate Vest,armor,uncommon,chest,quest_reward,q_revenant_vanguard,Bones of the Vanguard,reward for paladin,,,,,,paladin,
boneplate_vest,Boneplate Vest,armor,uncommon,chest,quest_reward,q_revenant_vanguard,Bones of the Vanguard,reward for shaman,,,,,,shaman,
bristleback_maul,Bristleback Maul,weapon,uncommon,mainhand,mob_drop,elder_bristleback,Elder Bristleback,"beast, level 5-5, elite, rare",25%,0.25,,,,,
bristleback_maul,Bristleback Maul,weapon,uncommon,mainhand,quest_reward,q_mogger,Mogger Must Fall,reward for warrior,,,,,,warrior,
bristleback_maul,Bristleback Maul,weapon,uncommon,mainhand,quest_reward,q_mogger,Mogger Must Fall,reward for paladin,,,,,,paladin,
bristleback_maul,Bristleback Maul,weapon,uncommon,mainhand,quest_reward,q_mogger,Mogger Must Fall,reward for shaman,,,,,,shaman,
boar_hide,Bristly Boar Hide,quest,,,mob_drop,wild_boar,Wild Boar,"beast, level 2-3",60%,0.6,,q_boars,Bristleback Hides,,
boar_hide,Bristly Boar Hide,quest,,,quest_objective,q_boars,Bristleback Hides,Bristly Boar Hide x5,,,,,,,Required by quest objective; see mob_drop or ground_object rows for acquisition source.
bronzework_mace,Bronzework Mace,weapon,common,mainhand,vendor,smith_haldren,Smith Haldren,Armorer & Weaponsmith,,,,,,,Vendor price 0g 14s 0c
broodmother_silk_robe,Broodmother's Silk Robe,armor,uncommon,chest,mob_drop,mirefen_broodmother,The Broodmother,"spider, level 10-10, boss",25%,0.25,,,,,
chipped_tusk,Chipped Tusk,junk,poor,,mob_drop,grubjaw,Grubjaw the Glutton,"troll, level 12-12, rare",100%,1,,,,,
chipped_tusk,Chipped Tusk,junk,poor,,mob_drop,fen_troll,Mirefen Troll,"troll, level 10-12",40%,0.4,,,,,
cracked_fetish,Cracked Fetish,junk,poor,,mob_drop,drowned_dead,Drowned Dead,"undead, level 9-11",30%,0.3,,,,,
wolf_fang,Cracked Wolf Fang,junk,poor,,mob_drop,forest_wolf,Forest Wolf,"beast, level 1-2",45%,0.45,,,,,
wolf_fang,Cracked Wolf Fang,junk,poor,,mob_drop,old_greyjaw,Old Greyjaw,"beast, level 4-4, rare",100%,1,,,,,
cracked_wyrm_scale,Cracked Wyrm Scale,junk,poor,,mob_drop,sanctum_drakonid,Sanctum Drakonid,"dragonkin, level 19-20, elite",50%,0.5,,,,,
craghorn_staff,Craghorn Staff,weapon,common,mainhand,vendor,armorer_hode,Armorer Hode,Master Armorer,,,,,,,Vendor price 0g 60s 0c
cragwalker_boots,Cragwalker Boots,armor,common,feet,vendor,quartermaster_bree,Quartermaster Bree,Highwatch Quartermaster,,,,,,,Vendor price 0g 40s 0c
cryptbone_greaves,Cryptbone Greaves,armor,uncommon,legs,mob_drop,morthen,Morthen the Gravecaller,"undead, level 10-10, boss, elite",34%,0.34,morthen_guaranteed_uncommon,,,,Exclusive roll group: at most one item from this group is selected by the listed weights.
cryptstalker_jerkin,Cryptstalker Jerkin,armor,rare,chest,mob_drop,mogger,Mogger,"humanoid, level 6-6, elite, rare",25%,0.25,mogger_chase,,,,Exclusive roll group: at most one item from this group is selected by the listed weights.
cultist_flayer,Cultist Flayer,weapon,uncommon,mainhand,mob_drop,korzul_the_gravewyrm,Korzul the Gravewyrm,"dragonkin, level 20-20, boss, elite",10%,0.1,korzul_bonus,,,,Exclusive roll group: at most one item from this group is selected by the listed weights.
cultist_flayer,Cultist Flayer,weapon,uncommon,mainhand,quest_reward,q_voice_below,The Voice Below,reward for hunter,,,,,,hunter,
cultist_flayer,Cultist Flayer,weapon,uncommon,mainhand,quest_reward,q_voice_below,The Voice Below,reward for rogue,,,,,,rogue,
deacons_cleaver,Deacon's Cleaver,weapon,uncommon,mainhand,quest_reward,q_deacon,The Deacon of the Mire,reward for warrior,,,,,,warrior,
deacons_cleaver,Deacon's Cleaver,weapon,uncommon,mainhand,quest_reward,q_deacon,The Deacon of the Mire,reward for paladin,,,,,,paladin,
deacons_cleaver,Deacon's Cleaver,weapon,uncommon,mainhand,quest_reward,q_deacon,The Deacon of the Mire,reward for shaman,,,,,,shaman,
deathlord_legguards,Deathlord Legguards,armor,epic,legs,mob_drop,grand_necromancer_velkhar,Grand Necromancer Velkhar,"humanoid, level 20-20, elite",5%,0.05,velkhar_bonus,,,,Exclusive roll group: at most one item from this group is selected by the listed weights.
deathlord_sabatons,Deathlord Sabatons,armor,epic,feet,mob_drop,ironvein_foreman,Ironvein Foreman,"kobold, level 16-16, elite, rare",25%,0.25,ironvein_foreman_chase,,,,Exclusive roll group: at most one item from this group is selected by the listed weights.
deathlord_warplate,Deathlord Warplate,armor,epic,chest,mob_drop,korzul_the_gravewyrm,Korzul the Gravewyrm,"dragonkin, level 20-20, boss, elite",5%,0.05,korzul_bonus,,,,Exclusive roll group: at most one item from this group is selected by the listed weights.
deepfen_pearl,Deepfen Pearl,junk,poor,,mob_drop,vael_the_mistcaller,Vael the Mistcaller,"humanoid, level 13-13, boss, elite",100%,1,,,,,
drogmars_skullcleaver,Drogmar's Skullcleaver,weapon,rare,mainhand,mob_drop,warlord_drogmar,Warlord Drogmar,"ogre, level 17-17, boss, elite",25%,0.25,,,,,
drogmars_skullcleaver,Drogmar's Skullcleaver,weapon,rare,mainhand,quest_reward,q_drogmar,Warlord Drogmar,reward for warrior,,,,,,warrior,
drogmars_skullcleaver,Drogmar's Skullcleaver,weapon,rare,mainhand,quest_reward,q_drogmar,Warlord Drogmar,reward for paladin,,,,,,paladin,
drogmars_skullcleaver,Drogmar's Skullcleaver,weapon,rare,mainhand,quest_reward,q_drogmar,Warlord Drogmar,reward for shaman,,,,,,shaman,
drogmar_warboots,Drogmar's Warboots,armor,uncommon,feet,mob_drop,warlord_drogmar,Warlord Drogmar,"ogre, level 17-17, boss, elite",30%,0.3,,,,,
drowned_prayer_leggings,Drowned Prayer Leggings,armor,rare,legs,mob_drop,vael_the_mistcaller,Vael the Mistcaller,"humanoid, level 13-13, boss, elite",10%,0.1,vael_bonus,,,,Exclusive roll group: at most one item from this group is selected by the listed weights.
drowned_prayer_sandals,Drowned Prayer Sandals,armor,rare,feet,mob_drop,vael_the_mistcaller,Vael the Mistcaller,"humanoid, level 13-13, boss, elite",10%,0.1,vael_bonus,,,,Exclusive roll group: at most one item from this group is selected by the listed weights.
drownedguard_breastplate,Drownedguard Breastplate,armor,uncommon,chest,quest_reward,q_no_rest,No Rest in the Reeds,reward for warrior,,,,,,warrior,
drownedguard_breastplate,Drownedguard Breastplate,armor,uncommon,chest,quest_reward,q_no_rest,No Rest in the Reeds,reward for paladin,,,,,,paladin,
drownedguard_breastplate,Drownedguard Breastplate,armor,uncommon,chest,quest_reward,q_no_rest,No Rest in the Reeds,reward for shaman,,,,,,shaman,
eastbrook_arming_sword,Eastbrook Arming Sword,weapon,common,mainhand,vendor,smith_haldren,Smith Haldren,Armorer & Weaponsmith,,,,,,,Vendor price 0g 14s 0c
eastbrook_chain_vest,Eastbrook Chainmail Vest,armor,common,chest,vendor,smith_haldren,Smith Haldren,Armorer & Weaponsmith,,,,,,,Vendor price 0g 18s 0c
eastbrook_wool_trousers,Eastbrook Wool Trousers,armor,common,legs,vendor,smith_haldren,Smith Haldren,Armorer & Weaponsmith,,,,,,,Vendor price 0g 11s 0c
eelscale_leggings,Eelscale Leggings,armor,rare,legs,mob_drop,knight_commander_olen,Knight-Commander Olen,"undead, level 13-13, elite",10%,0.1,olen_bonus,,,,Exclusive roll group: at most one item from this group is selected by the listed weights.
eelscale_treads,Eelscale Treads,armor,rare,feet,mob_drop,vael_the_mistcaller,Vael the Mistcaller,"humanoid, level 13-13, boss, elite",10%,0.1,vael_bonus,,,,Exclusive roll group: at most one item from this group is selected by the listed weights.
eelskin_tunic,Eelskin Tunic,armor,uncommon,chest,mob_drop,vael_the_mistcaller,Vael the Mistcaller,"humanoid, level 13-13, boss, elite",20%,0.2,vael_bonus,,,,Exclusive roll group: at most one item from this group is selected by the listed weights.
eelskin_tunic,Eelskin Tunic,armor,uncommon,chest,quest_reward,q_no_rest,No Rest in the Reeds,reward for hunter,,,,,,hunter,
eelskin_tunic,Eelskin Tunic,armor,uncommon,chest,quest_reward,q_no_rest,No Rest in the Reeds,reward for rogue,,,,,,rogue,
emberwood_staff,Emberwood Staff,weapon,uncommon,mainhand,mob_drop,grand_necromancer_velkhar,Grand Necromancer Velkhar,"humanoid, level 20-20, elite",20%,0.2,velkhar_bonus,,,,Exclusive roll group: at most one item from this group is selected by the listed weights.
emberwood_staff,Emberwood Staff,weapon,uncommon,mainhand,quest_reward,q_voice_below,The Voice Below,reward for priest,,,,,,priest,
emberwood_staff,Emberwood Staff,weapon,uncommon,mainhand,quest_reward,q_voice_below,The Voice Below,reward for mage,,,,,,mage,
emberwood_staff,Emberwood Staff,weapon,uncommon,mainhand,quest_reward,q_voice_below,The Voice Below,reward for warlock,,,,,,warlock,
emberwood_staff,Emberwood Staff,weapon,uncommon,mainhand,quest_reward,q_voice_below,The Voice Below,reward for druid,,,,,,druid,
fang_of_korzul,Fang of Korzul,weapon,epic,mainhand,mob_drop,korzul_the_gravewyrm,Korzul the Gravewyrm,"dragonkin, level 20-20, boss, elite",5%,0.05,korzul_bonus,,,,Exclusive roll group: at most one item from this group is selected by the listed weights.
fen_reaver_glaive,Fen Reaver Glaive,weapon,rare,mainhand,mob_drop,mirejaw_the_ravenous,Mirejaw the Ravenous,"murloc, level 10-10, elite, rare",25%,0.25,mirejaw_chase,,,,Exclusive roll group: at most one item from this group is selected by the listed weights.
fen_muster_order,Fenbridge Muster Order,quest,,,ground_object,fen_muster_order,Fenbridge Muster Order,2 spawn positions,100%,1,,,,,
fen_muster_order,Fenbridge Muster Order,quest,,,quest_objective,q_fenbridge_muster,Muster at Fenbridge,Fenbridge Muster Order x1,,,,,,,Required by quest objective; see mob_drop or ground_object rows for acquisition source.
fenbridge_rye,Fenbridge Rye Loaf,food,common,,vendor,provisioner_hale,Provisioner Hale,Provisioner,,,,,,,Vendor price 0g 4s 0c
fenmist_robe,Fenmist Robe,armor,uncommon,chest,mob_drop,knight_commander_olen,Knight-Commander Olen,"undead, level 13-13, elite",25%,0.25,olen_bonus,,,,Exclusive roll group: at most one item from this group is selected by the listed weights.
fenmist_robe,Fenmist Robe,armor,uncommon,chest,mob_drop,vael_the_mistcaller,Vael the Mistcaller,"humanoid, level 13-13, boss, elite",33%,0.33,vael_guaranteed_uncommon,,,,Exclusive roll group: at most one item from this group is selected by the listed weights.
fenmist_robe,Fenmist Robe,armor,uncommon,chest,quest_reward,q_no_rest,No Rest in the Reeds,reward for priest,,,,,,priest,
fenmist_robe,Fenmist Robe,armor,uncommon,chest,quest_reward,q_no_rest,No Rest in the Reeds,reward for mage,,,,,,mage,
fenmist_robe,Fenmist Robe,armor,uncommon,chest,quest_reward,q_no_rest,No Rest in the Reeds,reward for warlock,,,,,,warlock,
fenmist_robe,Fenmist Robe,armor,uncommon,chest,quest_reward,q_no_rest,No Rest in the Reeds,reward for druid,,,,,,druid,
fenreed_staff,Fenreed Staff,weapon,common,mainhand,vendor,provisioner_hale,Provisioner Hale,Provisioner,,,,,,,Vendor price 0g 25s 0c
fenwalker_boots,Fenwalker Boots,armor,common,feet,vendor,provisioner_hale,Provisioner Hale,Provisioner,,,,,,,Vendor price 0g 15s 0c
footpad_jerkin,Footpad's Jerkin,armor,common,chest,starting_equipment,druid,Druid,start chest,,,,,,druid,
footpad_jerkin,Footpad's Jerkin,armor,common,chest,starting_equipment,hunter,Hunter,start chest,,,,,,hunter,
footpad_jerkin,Footpad's Jerkin,armor,common,chest,starting_equipment,rogue,Rogue,start chest,,,,,,rogue,
footpad_jerkin,Footpad's Jerkin,armor,common,chest,starting_equipment,shaman,Shaman,start chest,,,,,,shaman,
frayed_prayer_beads,Frayed Prayer Beads,junk,poor,,mob_drop,wyrmcult_zealot,Wyrmcult Zealot,"humanoid, level 17-19",35%,0.35,,,,,
baked_bread,Freshly Baked Bread,food,common,,vendor,trader_wilkes,Trader Wilkes,Provisioner,,,,,,,Vendor price 0g 0s 25c
ghostly_essence,Ghostly Essence,quest,,,mob_drop,restless_bones,Restless Bones,"undead, level 5-7",55%,0.55,,q_rite,The Binding Rite,,
ghostly_essence,Ghostly Essence,quest,,,quest_objective,q_rite,The Binding Rite,Ghostly Essence x6,,,,,,,Required by quest objective; see mob_drop or ground_object rows for acquisition source.
glacier_melt,Glacier Melt,drink,common,,vendor,quartermaster_bree,Quartermaster Bree,Highwatch Quartermaster,,,,,,,Vendor price 0g 25s 0c
glowing_wax,Glowing Wax,quest,,,mob_drop,deeprock_kobold,Deeprock Tunneler,"kobold, level 14-15",50%,0.5,,q_glowing_wax,Strange Wax,,
glowing_wax,Glowing Wax,quest,,,mob_drop,ironvein_foreman,Ironvein Foreman,"kobold, level 16-16, elite, rare",100%,1,,,,,
glowing_wax,Glowing Wax,quest,,,quest_objective,q_glowing_wax,Strange Wax,Glowing Wax x6,,,,,,,Required by quest objective; see mob_drop or ground_object rows for acquisition source.
gnarled_staff,Gnarled Staff,weapon,common,mainhand,starting_equipment,druid,Druid,start weapon,,,,,,druid,
gnarled_staff,Gnarled Staff,weapon,common,mainhand,starting_equipment,mage,Mage,start weapon,,,,,,mage,
gnarled_staff,Gnarled Staff,weapon,common,mainhand,starting_equipment,priest,Priest,start weapon,,,,,,priest,
gnarled_staff,Gnarled Staff,weapon,common,mainhand,starting_equipment,warlock,Warlock,start weapon,,,,,,warlock,
gorraks_cruel_chopper,Gorrak's Cruel Chopper,weapon,uncommon,mainhand,mob_drop,gorrak,Gorrak the Ruthless,"humanoid, level 6-6, boss",25%,0.25,,,,,
cult_cipher,Gravecaller Cipher,quest,,,mob_drop,gravecaller_summoner,Gravecaller Summoner,"humanoid, level 11-12",60%,0.6,,q_summoners,Stopping the Summoning,,
cult_cipher,Gravecaller Cipher,quest,,,quest_objective,q_summoners,Stopping the Summoning,Gravecaller Cipher x4,,,,,,,Required by quest objective; see mob_drop or ground_object rows for acquisition source.
gravecaller_blade,Gravecaller's Broadblade,weapon,rare,mainhand,quest_reward,q_hollow,Into the Hollow,reward for warrior,,,,,,warrior,
gravecaller_blade,Gravecaller's Broadblade,weapon,rare,mainhand,quest_reward,q_hollow,Into the Hollow,reward for paladin,,,,,,paladin,
gravecaller_blade,Gravecaller's Broadblade,weapon,rare,mainhand,quest_reward,q_hollow,Into the Hollow,reward for shaman,,,,,,shaman,
gravecaller_sigil,Gravecaller's Sigil,quest,,,ground_object,gravecaller_sigil,Gravecaller's Sigil,2 spawn positions,100%,1,,,,,
gravecaller_sigil,Gravecaller's Sigil,quest,,,quest_objective,q_whispers,Whispers Below,Gravecaller's Sigil x1,,,,,,,Required by quest objective; see mob_drop or ground_object rows for acquisition source.
gravepath_treads,Gravepath Treads,armor,rare,feet,mob_drop,sableweb_matriarch,Sableweb Matriarch,"spider, level 6-6, elite, rare",25%,0.25,sableweb_matriarch_chase,,,,Exclusive roll group: at most one item from this group is selected by the listed weights.
gravewalker_softboots,Gravewalker Softboots,armor,rare,feet,quest_reward,q_sexton,The Sexton's Bell,reward for hunter,,,,,,hunter,
gravewalker_softboots,Gravewalker Softboots,armor,rare,feet,quest_reward,q_sexton,The Sexton's Bell,reward for rogue,,,,,,rogue,
gravewoven_raiment,Gravewoven Raiment,armor,rare,chest,mob_drop,sableweb_matriarch,Sableweb Matriarch,"spider, level 6-6, elite, rare",25%,0.25,sableweb_matriarch_chase,,,,Exclusive roll group: at most one item from this group is selected by the listed weights.
gravewyrm_sabatons,Gravewyrm Sabatons,armor,rare,feet,mob_drop,korgath_the_bound,Korgath the Bound,"ogre, level 20-20, elite",10%,0.1,korgath_bonus,,,,Exclusive roll group: at most one item from this group is selected by the listed weights.
gravewyrm_scale_hauberk,Gravewyrm Scale Hauberk,armor,rare,chest,quest_reward,q_gravewyrm,Korzul the Gravewyrm,reward for warrior,,,,,,warrior,
gravewyrm_scale_hauberk,Gravewyrm Scale Hauberk,armor,rare,chest,quest_reward,q_gravewyrm,Korzul the Gravewyrm,reward for paladin,,,,,,paladin,
gravewyrm_scale_hauberk,Gravewyrm Scale Hauberk,armor,rare,chest,quest_reward,q_gravewyrm,Korzul the Gravewyrm,reward for shaman,,,,,,shaman,
gravewyrm_sigil,Gravewyrm Sigil,quest,,,ground_object,gravewyrm_sigil,Gravewyrm Sigil,4 spawn positions,100%,1,,,,,
gravewyrm_sigil,Gravewyrm Sigil,quest,,,quest_objective,q_wyrm_sigils,Sigils of the Wyrm,Gravewyrm Sigil x3,,,,,,,Required by quest objective; see mob_drop or ground_object rows for acquisition source.
gravewyrm_stalkers_treads,Gravewyrm Stalker's Treads,armor,rare,feet,mob_drop,grand_necromancer_velkhar,Grand Necromancer Velkhar,"humanoid, level 20-20, elite",10%,0.1,velkhar_bonus,,,,Exclusive roll group: at most one item from this group is selected by the listed weights.
greyjaw_hide_boots,Greyjaw Hide Boots,armor,uncommon,feet,mob_drop,morthen,Morthen the Gravecaller,"undead, level 10-10, boss, elite",25%,0.25,morthen_bonus,,,,Exclusive roll group: at most one item from this group is selected by the listed weights.
greyjaw_pelt_cloak,Greyjaw's Pelt Leggings,armor,uncommon,legs,quest_reward,q_greyjaw,The Old Wolf,reward for warrior,,,,,,warrior,
greyjaw_pelt_cloak,Greyjaw's Pelt Leggings,armor,uncommon,legs,quest_reward,q_greyjaw,The Old Wolf,reward for paladin,,,,,,paladin,
greyjaw_pelt_cloak,Greyjaw's Pelt Leggings,armor,uncommon,legs,quest_reward,q_greyjaw,The Old Wolf,reward for hunter,,,,,,hunter,
greyjaw_pelt_cloak,Greyjaw's Pelt Leggings,armor,uncommon,legs,quest_reward,q_greyjaw,The Old Wolf,reward for rogue,,,,,,rogue,
greyjaw_pelt_cloak,Greyjaw's Pelt Leggings,armor,uncommon,legs,quest_reward,q_greyjaw,The Old Wolf,reward for priest,,,,,,priest,
greyjaw_pelt_cloak,Greyjaw's Pelt Leggings,armor,uncommon,legs,quest_reward,q_greyjaw,The Old Wolf,reward for shaman,,,,,,shaman,
greyjaw_pelt_cloak,Greyjaw's Pelt Leggings,armor,uncommon,legs,quest_reward,q_greyjaw,The Old Wolf,reward for mage,,,,,,mage,
greyjaw_pelt_cloak,Greyjaw's Pelt Leggings,armor,uncommon,legs,quest_reward,q_greyjaw,The Old Wolf,reward for warlock,,,,,,warlock,
greyjaw_pelt_cloak,Greyjaw's Pelt Leggings,armor,uncommon,legs,quest_reward,q_greyjaw,The Old Wolf,reward for druid,,,,,,druid,
grubjaw_tusk,Grubjaw's Tusk,quest,,,mob_drop,grubjaw,Grubjaw the Glutton,"troll, level 12-12, rare",100%,1,,q_grubjaw,The Glutton,,
grubjaw_tusk,Grubjaw's Tusk,quest,,,quest_objective,q_grubjaw,The Glutton,Grubjaw's Tusk x1,,,,,,,Required by quest objective; see mob_drop or ground_object rows for acquisition source.
gutripper_shiv,Gutripper Shiv,weapon,rare,mainhand,mob_drop,ironvein_foreman,Ironvein Foreman,"kobold, level 16-16, elite, rare",25%,0.25,ironvein_foreman_chase,,,,Exclusive roll group: at most one item from this group is selected by the listed weights.
gutripper_shiv,Gutripper Shiv,weapon,rare,mainhand,quest_reward,q_drogmar,Warlord Drogmar,reward for hunter,,,,,,hunter,
gutripper_shiv,Gutripper Shiv,weapon,rare,mainhand,quest_reward,q_drogmar,Warlord Drogmar,reward for rogue,,,,,,rogue,
hickory_shortstaff,Hickory Shortstaff,weapon,common,mainhand,vendor,smith_haldren,Smith Haldren,Armorer & Weaponsmith,,,,,,,Vendor price 0g 15s 0c
highwatch_breastplate,Highwatch Breastplate,armor,common,chest,vendor,quartermaster_bree,Quartermaster Bree,Highwatch Quartermaster,,,,,,,Vendor price 0g 70s 0c
highwatch_summons,Highwatch Summons,quest,,,ground_object,highwatch_summons,Highwatch Summons,2 spawn positions,100%,1,,,,,
highwatch_summons,Highwatch Summons,quest,,,quest_objective,q_highwatch_summons,The Watch on the Peaks,Highwatch Summons x1,,,,,,,Required by quest objective; see mob_drop or ground_object rows for acquisition source.
trail_hardtack,Highwatch Trail Hardtack,food,common,,vendor,quartermaster_bree,Quartermaster Bree,Highwatch Quartermaster,,,,,,,Vendor price 0g 12s 0c
highwatch_warblade,Highwatch Warblade,weapon,common,mainhand,vendor,armorer_hode,Armorer Hode,Master Armorer,,,,,,,Vendor price 0g 60s 0c
hobnail_boots,Hobnailed Boots,armor,common,feet,vendor,smith_haldren,Smith Haldren,Armorer & Weaponsmith,,,,,,,Vendor price 0g 9s 0c
hollowbone_hauberk,Hollowbone Hauberk,armor,rare,chest,mob_drop,elder_bristleback,Elder Bristleback,"beast, level 5-5, elite, rare",25%,0.25,elder_bristleback_chase,,,,Exclusive roll group: at most one item from this group is selected by the listed weights.
hollowbound_legguards,Hollowbound Legguards,armor,rare,legs,mob_drop,elder_bristleback,Elder Bristleback,"beast, level 5-5, elite, rare",25%,0.25,elder_bristleback_chase,,,,Exclusive roll group: at most one item from this group is selected by the listed weights.
icevein_dirk,Icevein Dirk,weapon,common,mainhand,vendor,armorer_hode,Armorer Hode,Master Armorer,,,,,,,Vendor price 0g 60s 0c
inert_storm_shard,Inert Storm Shard,junk,poor,,mob_drop,shardlord_kazzix,Shardlord Kazzix,"elemental, level 18-18, rare",100%,1,,,,,
inert_storm_shard,Inert Storm Shard,junk,poor,,mob_drop,stormcrag_elemental,Stormcrag Elemental,"elemental, level 17-18",40%,0.4,,,,,
ironvein_lantern_staff,Ironvein Lantern Staff,weapon,uncommon,mainhand,mob_drop,ironvein_foreman,Ironvein Foreman,"kobold, level 16-16, elite, rare",25%,0.25,,,,,
ironvein_pickblade,Ironvein Pickblade,weapon,uncommon,mainhand,mob_drop,ironvein_foreman,Ironvein Foreman,"kobold, level 16-16, elite, rare",25%,0.25,,,,,
kazzix_heartshard,Kazzix's Heartshard,quest,,,mob_drop,shardlord_kazzix,Shardlord Kazzix,"elemental, level 18-18, rare",100%,1,,q_kazzix,The Shardlord,,
kazzix_heartshard,Kazzix's Heartshard,quest,,,quest_objective,q_kazzix,The Shardlord,Kazzix's Heartshard x1,,,,,,,Required by quest objective; see mob_drop or ground_object rows for acquisition source.
keen_dirk,Keen Dirk,weapon,uncommon,mainhand,quest_reward,q_bandits,Bandits of the Vale,reward for hunter,,,,,,hunter,
keen_dirk,Keen Dirk,weapon,uncommon,mainhand,quest_reward,q_bandits,Bandits of the Vale,reward for rogue,,,,,,rogue,
knight_commanders_greaves,Knight-Commander's Greaves,armor,rare,legs,quest_reward,q_olen,The Knight-Commander's Shame,reward for warrior,,,,,,warrior,
knight_commanders_greaves,Knight-Commander's Greaves,armor,rare,legs,quest_reward,q_olen,The Knight-Commander's Shame,reward for paladin,,,,,,paladin,
knight_commanders_greaves,Knight-Commander's Greaves,armor,rare,legs,quest_reward,q_olen,The Knight-Commander's Shame,reward for hunter,,,,,,hunter,
knight_commanders_greaves,Knight-Commander's Greaves,armor,rare,legs,quest_reward,q_olen,The Knight-Commander's Shame,reward for rogue,,,,,,rogue,
knight_commanders_greaves,Knight-Commander's Greaves,armor,rare,legs,quest_reward,q_olen,The Knight-Commander's Shame,reward for priest,,,,,,priest,
knight_commanders_greaves,Knight-Commander's Greaves,armor,rare,legs,quest_reward,q_olen,The Knight-Commander's Shame,reward for shaman,,,,,,shaman,
knight_commanders_greaves,Knight-Commander's Greaves,armor,rare,legs,quest_reward,q_olen,The Knight-Commander's Shame,reward for mage,,,,,,mage,
knight_commanders_greaves,Knight-Commander's Greaves,armor,rare,legs,quest_reward,q_olen,The Knight-Commander's Shame,reward for warlock,,,,,,warlock,
knight_commanders_greaves,Knight-Commander's Greaves,armor,rare,legs,quest_reward,q_olen,The Knight-Commander's Shame,reward for druid,,,,,,druid,
korgaths_chainwraps,Korgath's Chainwraps,armor,rare,legs,mob_drop,korgath_the_bound,Korgath the Bound,"ogre, level 20-20, elite",10%,0.1,korgath_bonus,,,,Exclusive roll group: at most one item from this group is selected by the listed weights.
korgaths_chainwraps,Korgath's Chainwraps,armor,rare,legs,quest_reward,q_korgath,The Bound Guardian,reward for warrior,,,,,,warrior,
korgaths_chainwraps,Korgath's Chainwraps,armor,rare,legs,quest_reward,q_korgath,The Bound Guardian,reward for paladin,,,,,,paladin,
korgaths_chainwraps,Korgath's Chainwraps,armor,rare,legs,quest_reward,q_korgath,The Bound Guardian,reward for hunter,,,,,,hunter,
korgaths_chainwraps,Korgath's Chainwraps,armor,rare,legs,quest_reward,q_korgath,The Bound Guardian,reward for rogue,,,,,,rogue,
korgaths_chainwraps,Korgath's Chainwraps,armor,rare,legs,quest_reward,q_korgath,The Bound Guardian,reward for priest,,,,,,priest,
korgaths_chainwraps,Korgath's Chainwraps,armor,rare,legs,quest_reward,q_korgath,The Bound Guardian,reward for shaman,,,,,,shaman,
korgaths_chainwraps,Korgath's Chainwraps,armor,rare,legs,quest_reward,q_korgath,The Bound Guardian,reward for mage,,,,,,mage,
korgaths_chainwraps,Korgath's Chainwraps,armor,rare,legs,quest_reward,q_korgath,The Bound Guardian,reward for warlock,,,,,,warlock,
korgaths_chainwraps,Korgath's Chainwraps,armor,rare,legs,quest_reward,q_korgath,The Bound Guardian,reward for druid,,,,,,druid,
linen_scrap,Linen Scrap,junk,poor,,mob_drop,gravecaller_cultist,Gravecaller Cultist,"humanoid, level 10-12",30%,0.3,,,,,
linen_scrap,Linen Scrap,junk,poor,,mob_drop,hollow_acolyte,Hollow Acolyte,"undead, level 8-8, elite",60%,0.6,,,,,
linen_scrap,Linen Scrap,junk,poor,,mob_drop,mogger,Mogger,"humanoid, level 6-6, elite, rare",100%,1,,,,,
linen_scrap,Linen Scrap,junk,poor,,mob_drop,mudfin_murloc,Mudfin Skulker,"murloc, level 3-5",20%,0.2,,,,,
linen_scrap,Linen Scrap,junk,poor,,mob_drop,tidebound_acolyte,Tidebound Acolyte,"humanoid, level 12-13, elite",50%,0.5,,,,,
linen_scrap,Linen Scrap,junk,poor,,mob_drop,tunnel_rat,Tunnel Rat Digger,"kobold, level 4-6",25%,0.25,,,,,
linen_scrap,Linen Scrap,junk,poor,,mob_drop,vale_bandit,Vale Bandit,"humanoid, level 3-5",30%,0.3,,,,,
linen_scrap,Linen Scrap,junk,poor,,mob_drop,wyrmcult_necromancer,Wyrmcult Necromancer,"humanoid, level 18-19",30%,0.3,,,,,
lost_caravan_goods,Lost Caravan Goods,quest,,,ground_object,lost_caravan_goods,Lost Caravan Goods,7 spawn positions,100%,1,,,,,
lost_caravan_goods,Lost Caravan Goods,quest,,,quest_objective,q_fen_supplies,The Lost Caravan,Lost Caravan Goods x5,,,,,,,Required by quest objective; see mob_drop or ground_object rows for acquisition source.
marrowlord_boneboots,Marrowlord Boneboots,armor,uncommon,feet,mob_drop,marrowlord_varkas,Marrowlord Varkas,"undead, level 19-19, elite, rare",30%,0.3,,,,,
marrowtread_boots,Marrowtread Boots,armor,rare,feet,quest_reward,q_sexton,The Sexton's Bell,reward for warrior,,,,,,warrior,
marrowtread_boots,Marrowtread Boots,armor,rare,feet,quest_reward,q_sexton,The Sexton's Bell,reward for paladin,,,,,,paladin,
marrowtread_boots,Marrowtread Boots,armor,rare,feet,quest_reward,q_sexton,The Sexton's Bell,reward for shaman,,,,,,shaman,
marsh_mint_tea,Marsh Mint Tea,drink,common,,vendor,provisioner_hale,Provisioner Hale,Provisioner,,,,,,,Vendor price 0g 4s 0c
marshcloth_robe,Marshcloth Robe,armor,common,chest,vendor,provisioner_hale,Provisioner Hale,Provisioner,,,,,,,Vendor price 0g 20s 0c
marshstrider_boots,Marshstrider Boots,armor,uncommon,feet,mob_drop,knight_commander_olen,Knight-Commander Olen,"undead, level 13-13, elite",50%,0.5,olen_guaranteed_uncommon,,,,Exclusive roll group: at most one item from this group is selected by the listed weights.
marshstrider_boots,Marshstrider Boots,armor,uncommon,feet,mob_drop,mirefen_broodmother,The Broodmother,"spider, level 10-10, boss",40%,0.4,,,,,
marshstrider_boots,Marshstrider Boots,armor,uncommon,feet,mob_drop,vael_the_mistcaller,Vael the Mistcaller,"humanoid, level 13-13, boss, elite",33%,0.33,vael_guaranteed_uncommon,,,,Exclusive roll group: at most one item from this group is selected by the listed weights.
marshstrider_boots,Marshstrider Boots,armor,uncommon,feet,quest_reward,q_grubjaw,The Glutton,reward for warrior,,,,,,warrior,
marshstrider_boots,Marshstrider Boots,armor,uncommon,feet,quest_reward,q_grubjaw,The Glutton,reward for paladin,,,,,,paladin,
marshstrider_boots,Marshstrider Boots,armor,uncommon,feet,quest_reward,q_grubjaw,The Glutton,reward for hunter,,,,,,hunter,
marshstrider_boots,Marshstrider Boots,armor,uncommon,feet,quest_reward,q_grubjaw,The Glutton,reward for rogue,,,,,,rogue,
marshstrider_boots,Marshstrider Boots,armor,uncommon,feet,quest_reward,q_grubjaw,The Glutton,reward for priest,,,,,,priest,
marshstrider_boots,Marshstrider Boots,armor,uncommon,feet,quest_reward,q_grubjaw,The Glutton,reward for shaman,,,,,,shaman,
marshstrider_boots,Marshstrider Boots,armor,uncommon,feet,quest_reward,q_grubjaw,The Glutton,reward for mage,,,,,,mage,
marshstrider_boots,Marshstrider Boots,armor,uncommon,feet,quest_reward,q_grubjaw,The Glutton,reward for warlock,,,,,,warlock,
marshstrider_boots,Marshstrider Boots,armor,uncommon,feet,quest_reward,q_grubjaw,The Glutton,reward for druid,,,,,,druid,
meltwater_flask,Meltwater Flask,drink,common,,vendor,quartermaster_bree,Quartermaster Bree,Highwatch Quartermaster,,,,,,,Vendor price 0g 12s 0c
militia_vest,Militia Chainvest,armor,uncommon,chest,quest_reward,q_ringleader,The Ringleader,reward for warrior,,,,,,warrior,
militia_vest,Militia Chainvest,armor,uncommon,chest,quest_reward,q_ringleader,The Ringleader,reward for paladin,,,,,,paladin,
militia_vest,Militia Chainvest,armor,uncommon,chest,quest_reward,q_ringleader,The Ringleader,reward for shaman,,,,,,shaman,
mire_prowler_pelt,Mire Prowler Pelt,quest,,,mob_drop,mire_prowler,Mire Prowler,"beast, level 7-8",60%,0.6,,q_prowler_pelts,Pelts for the Causeway,,
mire_prowler_pelt,Mire Prowler Pelt,quest,,,quest_objective,q_prowler_pelts,Pelts for the Causeway,Mire Prowler Pelt x8,,,,,,,Required by quest objective; see mob_drop or ground_object rows for acquisition source.
mirefen_skinner,Mirefen Skinner,weapon,common,mainhand,vendor,provisioner_hale,Provisioner Hale,Provisioner,,,,,,,Vendor price 0g 25s 0c
troll_fetish,Mirefen Troll Fetish,quest,,,mob_drop,fen_troll,Mirefen Troll,"troll, level 10-12",60%,0.6,,q_troll_fetishes,Fetish and Bone,,
troll_fetish,Mirefen Troll Fetish,quest,,,quest_objective,q_troll_fetishes,Fetish and Bone,Mirefen Troll Fetish x8,,,,,,,Required by quest objective; see mob_drop or ground_object rows for acquisition source.
mirejaw_biteblade,Mirejaw Biteblade,weapon,uncommon,mainhand,mob_drop,mirejaw_the_ravenous,Mirejaw the Ravenous,"murloc, level 10-10, elite, rare",25%,0.25,,,,,
mirejaw_oracle_staff,Mirejaw Oracle Staff,weapon,rare,mainhand,mob_drop,mirejaw_the_ravenous,Mirejaw the Ravenous,"murloc, level 10-10, elite, rare",25%,0.25,mirejaw_chase,,,,Exclusive roll group: at most one item from this group is selected by the listed weights.
mirejaw_scale_vest,Mirejaw Scale Vest,armor,uncommon,chest,mob_drop,mirejaw_the_ravenous,Mirejaw the Ravenous,"murloc, level 10-10, elite, rare",25%,0.25,,,,,
mistbinder_kris,Mistbinder Kris,weapon,uncommon,mainhand,quest_reward,q_deacon,The Deacon of the Mire,reward for hunter,,,,,,hunter,
mistbinder_kris,Mistbinder Kris,weapon,uncommon,mainhand,quest_reward,q_deacon,The Deacon of the Mire,reward for rogue,,,,,,rogue,
mistcallers_edge,Mistcaller's Edge,weapon,rare,mainhand,quest_reward,q_mistcaller,The Mistcaller,reward for warrior,,,,,,warrior,
mistcallers_edge,Mistcaller's Edge,weapon,rare,mainhand,quest_reward,q_mistcaller,The Mistcaller,reward for paladin,,,,,,paladin,
mistcallers_edge,Mistcaller's Edge,weapon,rare,mainhand,quest_reward,q_mistcaller,The Mistcaller,reward for shaman,,,,,,shaman,
moggers_copper_cudgel,Mogger's Copper Cudgel,weapon,rare,mainhand,mob_drop,elder_bristleback,Elder Bristleback,"beast, level 5-5, elite, rare",25%,0.25,elder_bristleback_chase,,,,Exclusive roll group: at most one item from this group is selected by the listed weights.
moggers_shiv,Mogger's Shiv,weapon,rare,mainhand,mob_drop,mogger,Mogger,"humanoid, level 6-6, elite, rare",25%,0.25,mogger_chase,,,,Exclusive roll group: at most one item from this group is selected by the listed weights.
moggers_stomper_boots,Mogger's Stomper Boots,armor,uncommon,feet,mob_drop,mogger,Mogger,"humanoid, level 6-6, elite, rare",30%,0.3,,,,,
moggers_stomper_boots,Mogger's Stomper Boots,armor,uncommon,feet,quest_reward,q_mogger,Mogger Must Fall,reward for hunter,,,,,,hunter,
moggers_stomper_boots,Mogger's Stomper Boots,armor,uncommon,feet,quest_reward,q_mogger,Mogger Must Fall,reward for rogue,,,,,,rogue,
morthen_grimoire,Morthen's Grimoire,quest,,,ground_object,morthen_grimoire,Morthen's Grimoire,1 spawn position,100%,1,,,,,
morthen_grimoire,Morthen's Grimoire,quest,,,quest_objective,q_gravecallers_trail,The Gravecaller's Trail,Morthen's Grimoire x1,,,,,,,Required by quest objective; see mob_drop or ground_object rows for acquisition source.
necromancers_legwraps,Necromancer's Legwraps,armor,epic,legs,mob_drop,marrowlord_varkas,Marrowlord Varkas,"undead, level 19-19, elite, rare",25%,0.25,marrowlord_varkas_chase,,,,Exclusive roll group: at most one item from this group is selected by the listed weights.
necromancers_soulsteps,Necromancer's Soulsteps,armor,epic,feet,mob_drop,grand_necromancer_velkhar,Grand Necromancer Velkhar,"humanoid, level 20-20, elite",5%,0.05,velkhar_bonus,,,,Exclusive roll group: at most one item from this group is selected by the listed weights.
necromancers_starshroud,Necromancer's Starshroud,armor,epic,chest,mob_drop,korzul_the_gravewyrm,Korzul the Gravewyrm,"dragonkin, level 20-20, boss, elite",5%,0.05,korzul_bonus,,,,Exclusive roll group: at most one item from this group is selected by the listed weights.
nhalias_dirgeblade,Nhalia's Dirgeblade,weapon,rare,mainhand,mob_drop,sister_nhalia,Sister Nhalia,"humanoid, level 12-12, elite, rare",25%,0.25,sister_nhalia_chase,,,,Exclusive roll group: at most one item from this group is selected by the listed weights.
nhalias_funeral_wraps,Nhalia's Funeral Wraps,armor,uncommon,legs,mob_drop,sister_nhalia,Sister Nhalia,"humanoid, level 12-12, elite, rare",25%,0.25,,,,,
nightwalk_jerkin,Nightwalk Jerkin,armor,uncommon,chest,mob_drop,grand_necromancer_velkhar,Grand Necromancer Velkhar,"humanoid, level 20-20, elite",33%,0.33,velkhar_guaranteed_uncommon,,,,Exclusive roll group: at most one item from this group is selected by the listed weights.
nightwalk_jerkin,Nightwalk Jerkin,armor,uncommon,chest,mob_drop,korgath_the_bound,Korgath the Bound,"ogre, level 20-20, elite",33%,0.33,korgath_guaranteed_uncommon,,,,Exclusive roll group: at most one item from this group is selected by the listed weights.
nightwalk_jerkin,Nightwalk Jerkin,armor,uncommon,chest,mob_drop,korzul_the_gravewyrm,Korzul the Gravewyrm,"dragonkin, level 20-20, boss, elite",33%,0.33,korzul_guaranteed_uncommon,,,,Exclusive roll group: at most one item from this group is selected by the listed weights.
nightwalk_jerkin,Nightwalk Jerkin,armor,uncommon,chest,quest_reward,q_revenant_vanguard,Bones of the Vanguard,reward for hunter,,,,,,hunter,
nightwalk_jerkin,Nightwalk Jerkin,armor,uncommon,chest,quest_reward,q_revenant_vanguard,Bones of the Vanguard,reward for rogue,,,,,,rogue,
ogre_bonecharm_staff,Ogre Bonecharm Staff,weapon,rare,mainhand,quest_reward,q_drogmar,Warlord Drogmar,reward for priest,,,,,,priest,
ogre_bonecharm_staff,Ogre Bonecharm Staff,weapon,rare,mainhand,quest_reward,q_drogmar,Warlord Drogmar,reward for mage,,,,,,mage,
ogre_bonecharm_staff,Ogre Bonecharm Staff,weapon,rare,mainhand,quest_reward,q_drogmar,Warlord Drogmar,reward for warlock,,,,,,warlock,
ogre_bonecharm_staff,Ogre Bonecharm Staff,weapon,rare,mainhand,quest_reward,q_drogmar,Warlord Drogmar,reward for druid,,,,,,druid,
ogre_toe_ring,Ogre Toe Ring,junk,poor,,mob_drop,ogre_crusher,Thornpeak Crusher,"ogre, level 16-17, elite",50%,0.5,,,,,
ogre_toe_ring,Ogre Toe Ring,junk,poor,,mob_drop,thornpeak_ogre,Thornpeak Ogre,"ogre, level 15-16",35%,0.35,,,,,
ogre_war_totem,Ogre War Totem,quest,,,ground_object,ogre_war_totem,Ogre War Totem,7 spawn positions,100%,1,,,,,
ogre_war_totem,Ogre War Totem,quest,,,quest_objective,q_ogre_totems,Totems of War,Ogre War Totem x6,,,,,,,Required by quest objective; see mob_drop or ground_object rows for acquisition source.
oiled_boots,Oiled Leather Boots,armor,uncommon,feet,mob_drop,gorrak,Gorrak the Ruthless,"humanoid, level 6-6, boss",50%,0.5,,,,,
oiled_boots,Oiled Leather Boots,armor,uncommon,feet,mob_drop,morthen,Morthen the Gravecaller,"undead, level 10-10, boss, elite",33%,0.33,morthen_guaranteed_uncommon,,,,Exclusive roll group: at most one item from this group is selected by the listed weights.
oiled_boots,Oiled Leather Boots,armor,uncommon,feet,mob_drop,sexton_marrow,Sexton Marrow,"undead, level 9-9, elite",40%,0.4,,,,,
greyjaw_fang,Old Greyjaw's Fang,quest,,,mob_drop,old_greyjaw,Old Greyjaw,"beast, level 4-4, rare",100%,1,,q_greyjaw,The Old Wolf,,
greyjaw_fang,Old Greyjaw's Fang,quest,,,quest_objective,q_greyjaw,The Old Wolf,Old Greyjaw's Fang x1,,,,,,,Required by quest objective; see mob_drop or ground_object rows for acquisition source.
peakwool_robe,Peakwool Robe,armor,common,chest,vendor,quartermaster_bree,Quartermaster Bree,Highwatch Quartermaster,,,,,,,Vendor price 0g 50s 0c
quilted_trousers,Quilted Trousers,armor,uncommon,legs,mob_drop,gorrak,Gorrak the Ruthless,"humanoid, level 6-6, boss",50%,0.5,,,,,
quilted_trousers,Quilted Trousers,armor,uncommon,legs,mob_drop,morthen,Morthen the Gravecaller,"undead, level 10-10, boss, elite",33%,0.33,morthen_guaranteed_uncommon,,,,Exclusive roll group: at most one item from this group is selected by the listed weights.
quilted_trousers,Quilted Trousers,armor,uncommon,legs,mob_drop,sexton_marrow,Sexton Marrow,"undead, level 9-9, elite",40%,0.4,,,,,
recruit_tunic,Recruit's Tunic,armor,common,chest,starting_equipment,paladin,Paladin,start chest,,,,,,paladin,
recruit_tunic,Recruit's Tunic,armor,common,chest,starting_equipment,warrior,Warrior,start chest,,,,,,warrior,
bandit_bandana,Red Bandana,junk,poor,,mob_drop,gorrak,Gorrak the Ruthless,"humanoid, level 6-6, boss",100%,1,,,,,
bandit_bandana,Red Bandana,junk,poor,,mob_drop,vale_bandit,Vale Bandit,"humanoid, level 3-5",50%,0.5,,,,,
redbrook_blade,Redbrook Militia Blade,weapon,uncommon,mainhand,quest_reward,q_bandits,Bandits of the Vale,reward for warrior,,,,,,warrior,
redbrook_blade,Redbrook Militia Blade,weapon,uncommon,mainhand,quest_reward,q_bandits,Bandits of the Vale,reward for paladin,,,,,,paladin,
redbrook_blade,Redbrook Militia Blade,weapon,uncommon,mainhand,quest_reward,q_bandits,Bandits of the Vale,reward for shaman,,,,,,shaman,
reedwoven_jerkin,Reedwoven Jerkin,armor,common,chest,vendor,provisioner_hale,Provisioner Hale,Provisioner,,,,,,,Vendor price 0g 25s 0c
reedwoven_trousers,Reedwoven Trousers,armor,common,legs,vendor,provisioner_hale,Provisioner Hale,Provisioner,,,,,,,Vendor price 0g 18s 0c
spring_water,Refreshing Spring Water,drink,common,,vendor,trader_wilkes,Trader Wilkes,Provisioner,,,,,,,Vendor price 0g 0s 25c
revenant_silk_robe,Revenant Silk Robe,armor,uncommon,chest,mob_drop,grand_necromancer_velkhar,Grand Necromancer Velkhar,"humanoid, level 20-20, elite",33%,0.33,velkhar_guaranteed_uncommon,,,,Exclusive roll group: at most one item from this group is selected by the listed weights.
revenant_silk_robe,Revenant Silk Robe,armor,uncommon,chest,mob_drop,korgath_the_bound,Korgath the Bound,"ogre, level 20-20, elite",33%,0.33,korgath_guaranteed_uncommon,,,,Exclusive roll group: at most one item from this group is selected by the listed weights.
revenant_silk_robe,Revenant Silk Robe,armor,uncommon,chest,mob_drop,korzul_the_gravewyrm,Korzul the Gravewyrm,"dragonkin, level 20-20, boss, elite",33%,0.33,korzul_guaranteed_uncommon,,,,Exclusive roll group: at most one item from this group is selected by the listed weights.
revenant_silk_robe,Revenant Silk Robe,armor,uncommon,chest,quest_reward,q_revenant_vanguard,Bones of the Vanguard,reward for priest,,,,,,priest,
revenant_silk_robe,Revenant Silk Robe,armor,uncommon,chest,quest_reward,q_revenant_vanguard,Bones of the Vanguard,reward for mage,,,,,,mage,
revenant_silk_robe,Revenant Silk Robe,armor,uncommon,chest,quest_reward,q_revenant_vanguard,Bones of the Vanguard,reward for warlock,,,,,,warlock,
revenant_silk_robe,Revenant Silk Robe,armor,uncommon,chest,quest_reward,q_revenant_vanguard,Bones of the Vanguard,reward for druid,,,,,,druid,
ridge_stalker_pelt,Ridge Stalker Pelt,quest,,,mob_drop,ridge_stalker,Ridge Stalker,"beast, level 13-14",60%,0.6,,q_stalker_pelts,Winter Is Coming to Highwatch,,
ridge_stalker_pelt,Ridge Stalker Pelt,quest,,,quest_objective,q_stalker_pelts,Winter Is Coming to Highwatch,Ridge Stalker Pelt x8,,,,,,,Required by quest objective; see mob_drop or ground_object rows for acquisition source.
ridgestalker_treads,Ridgestalker Treads,armor,uncommon,feet,quest_reward,q_stalker_pelts,Winter Is Coming to Highwatch,reward for warrior,,,,,,warrior,
ridgestalker_treads,Ridgestalker Treads,armor,uncommon,feet,quest_reward,q_stalker_pelts,Winter Is Coming to Highwatch,reward for paladin,,,,,,paladin,
ridgestalker_treads,Ridgestalker Treads,armor,uncommon,feet,quest_reward,q_stalker_pelts,Winter Is Coming to Highwatch,reward for hunter,,,,,,hunter,
ridgestalker_treads,Ridgestalker Treads,armor,uncommon,feet,quest_reward,q_stalker_pelts,Winter Is Coming to Highwatch,reward for rogue,,,,,,rogue,
ridgestalker_treads,Ridgestalker Treads,armor,uncommon,feet,quest_reward,q_stalker_pelts,Winter Is Coming to Highwatch,reward for priest,,,,,,priest,
ridgestalker_treads,Ridgestalker Treads,armor,uncommon,feet,quest_reward,q_stalker_pelts,Winter Is Coming to Highwatch,reward for shaman,,,,,,shaman,
ridgestalker_treads,Ridgestalker Treads,armor,uncommon,feet,quest_reward,q_stalker_pelts,Winter Is Coming to Highwatch,reward for mage,,,,,,mage,
ridgestalker_treads,Ridgestalker Treads,armor,uncommon,feet,quest_reward,q_stalker_pelts,Winter Is Coming to Highwatch,reward for warlock,,,,,,warlock,
ridgestalker_treads,Ridgestalker Treads,armor,uncommon,feet,quest_reward,q_stalker_pelts,Winter Is Coming to Highwatch,reward for druid,,,,,,druid,
riptide_dirk,Riptide Dirk,weapon,rare,mainhand,quest_reward,q_mistcaller,The Mistcaller,reward for hunter,,,,,,hunter,
riptide_dirk,Riptide Dirk,weapon,rare,mainhand,quest_reward,q_mistcaller,The Mistcaller,reward for rogue,,,,,,rogue,
ritual_phylactery,Ritual Phylactery,quest,,,mob_drop,wyrmcult_necromancer,Wyrmcult Necromancer,"humanoid, level 18-19",55%,0.55,,q_necromancers,The Phylactery Ring,,
ritual_phylactery,Ritual Phylactery,quest,,,quest_objective,q_necromancers,The Phylactery Ring,Ritual Phylactery x3,,,,,,,Required by quest objective; see mob_drop or ground_object rows for acquisition source.
roast_mountain_goat,Roast Mountain Goat,food,common,,vendor,quartermaster_bree,Quartermaster Bree,Highwatch Quartermaster,,,,,,,Vendor price 0g 25s 0c
roasted_boar,Roasted Boar Meat,food,common,,vendor,trader_wilkes,Trader Wilkes,Provisioner,,,,,,,Vendor price 0g 1s 0c
rusted_censer,Rusted Censer,quest,,,ground_object,rusted_censer,Rusted Censer,6 spawn positions,100%,1,,,,,
rusted_censer,Rusted Censer,quest,,,quest_objective,q_drowned_censers,Censers from the Deep,Rusted Censer x4,,,,,,,Required by quest objective; see mob_drop or ground_object rows for acquisition source.
rusty_dagger,Rusty Dagger,weapon,common,mainhand,starting_equipment,rogue,Rogue,start weapon,,,,,,rogue,
rusty_hatchet,Rusty Hatchet,weapon,common,mainhand,starting_equipment,hunter,Hunter,start weapon,,,,,,hunter,
sableweb_slippers,Sableweb Slippers,armor,uncommon,feet,mob_drop,sableweb_matriarch,Sableweb Matriarch,"spider, level 6-6, elite, rare",25%,0.25,,,,,
sableweb_slippers,Sableweb Slippers,armor,uncommon,feet,quest_reward,q_mogger,Mogger Must Fall,reward for priest,,,,,,priest,
sableweb_slippers,Sableweb Slippers,armor,uncommon,feet,quest_reward,q_mogger,Mogger Must Fall,reward for mage,,,,,,mage,
sableweb_slippers,Sableweb Slippers,armor,uncommon,feet,quest_reward,q_mogger,Mogger Must Fall,reward for warlock,,,,,,warlock,
sableweb_slippers,Sableweb Slippers,armor,uncommon,feet,quest_reward,q_mogger,Mogger Must Fall,reward for druid,,,,,,druid,
sanctum_key_shard,Sanctum Key Shard,quest,,,ground_object,sanctum_key_shard,Sanctum Key Shard,4 spawn positions,100%,1,,,,,
sanctum_key_shard,Sanctum Key Shard,quest,,,quest_objective,q_sanctum_gate,The Sanctum Gate,Sanctum Key Shard x3,,,,,,,Required by quest objective; see mob_drop or ground_object rows for acquisition source.
sextons_slippers,Sexton's Slippers,armor,rare,feet,quest_reward,q_sexton,The Sexton's Bell,reward for priest,,,,,,priest,
sextons_slippers,Sexton's Slippers,armor,rare,feet,quest_reward,q_sexton,The Sexton's Bell,reward for mage,,,,,,mage,
sextons_slippers,Sexton's Slippers,armor,rare,feet,quest_reward,q_sexton,The Sexton's Bell,reward for warlock,,,,,,warlock,
sextons_slippers,Sexton's Slippers,armor,rare,feet,quest_reward,q_sexton,The Sexton's Bell,reward for druid,,,,,,druid,
shadowmeld_tunic,Shadowmeld Tunic,armor,rare,chest,mob_drop,grand_necromancer_velkhar,Grand Necromancer Velkhar,"humanoid, level 20-20, elite",10%,0.1,velkhar_bonus,,,,Exclusive roll group: at most one item from this group is selected by the listed weights.
shadowmeld_tunic,Shadowmeld Tunic,armor,rare,chest,mob_drop,korgath_the_bound,Korgath the Bound,"ogre, level 20-20, elite",10%,0.1,korgath_bonus,,,,Exclusive roll group: at most one item from this group is selected by the listed weights.
shadowmeld_tunic,Shadowmeld Tunic,armor,rare,chest,quest_reward,q_velkhar,The Grand Necromancer,reward for hunter,,,,,,hunter,
shadowmeld_tunic,Shadowmeld Tunic,armor,rare,chest,quest_reward,q_velkhar,The Grand Necromancer,reward for rogue,,,,,,rogue,
shadow_jerkin,Shadowstitch Jerkin,armor,uncommon,chest,quest_reward,q_ringleader,The Ringleader,reward for hunter,,,,,,hunter,
shadow_jerkin,Shadowstitch Jerkin,armor,uncommon,chest,quest_reward,q_ringleader,The Ringleader,reward for rogue,,,,,,rogue,
silvermist_cordial,Silvermist Cordial,drink,common,,vendor,provisioner_hale,Provisioner Hale,Provisioner,,,,,,,Vendor price 0g 10s 0c
mudfin_scale,Slimy Murloc Scale,junk,poor,,mob_drop,deepfen_murloc,Deepfen Snapper,"murloc, level 8-9",40%,0.4,,,,,
mudfin_scale,Slimy Murloc Scale,junk,poor,,mob_drop,mirejaw_the_ravenous,Mirejaw the Ravenous,"murloc, level 10-10, elite, rare",100%,1,,,,,
mudfin_scale,Slimy Murloc Scale,junk,poor,,mob_drop,mudfin_murloc,Mudfin Skulker,"murloc, level 3-5",50%,0.5,,,,,
smoked_eel,Smoked Mirefen Eel,food,common,,vendor,provisioner_hale,Provisioner Hale,Provisioner,,,,,,,Vendor price 0g 10s 0c
soggy_moccasin,Soggy Moccasin,junk,poor,,mob_drop,mire_prowler,Mire Prowler,"beast, level 7-8",30%,0.3,,,,,
staff_of_drowned_prayers,Staff of Drowned Prayers,weapon,uncommon,mainhand,quest_reward,q_deacon,The Deacon of the Mire,reward for priest,,,,,,priest,
staff_of_drowned_prayers,Staff of Drowned Prayers,weapon,uncommon,mainhand,quest_reward,q_deacon,The Deacon of the Mire,reward for mage,,,,,,mage,
staff_of_drowned_prayers,Staff of Drowned Prayers,weapon,uncommon,mainhand,quest_reward,q_deacon,The Deacon of the Mire,reward for warlock,,,,,,warlock,
staff_of_drowned_prayers,Staff of Drowned Prayers,weapon,uncommon,mainhand,quest_reward,q_deacon,The Deacon of the Mire,reward for druid,,,,,,druid,
staff_of_the_gravewyrm,Staff of the Gravewyrm,weapon,epic,mainhand,mob_drop,korzul_the_gravewyrm,Korzul the Gravewyrm,"dragonkin, level 20-20, boss, elite",5%,0.05,korzul_bonus,,,,Exclusive roll group: at most one item from this group is selected by the listed weights.
gravecaller_staff,Staff of the Hollow,weapon,rare,mainhand,quest_reward,q_hollow,Into the Hollow,reward for priest,,,,,,priest,
gravecaller_staff,Staff of the Hollow,weapon,rare,mainhand,quest_reward,q_hollow,Into the Hollow,reward for mage,,,,,,mage,
gravecaller_staff,Staff of the Hollow,weapon,rare,mainhand,quest_reward,q_hollow,Into the Hollow,reward for warlock,,,,,,warlock,
gravecaller_staff,Staff of the Hollow,weapon,rare,mainhand,quest_reward,q_hollow,Into the Hollow,reward for druid,,,,,,druid,
staff_of_velkhar,Staff of Velkhar,weapon,rare,mainhand,mob_drop,grand_necromancer_velkhar,Grand Necromancer Velkhar,"humanoid, level 20-20, elite",10%,0.1,velkhar_bonus,,,,Exclusive roll group: at most one item from this group is selected by the listed weights.
staff_of_velkhar,Staff of Velkhar,weapon,rare,mainhand,mob_drop,korgath_the_bound,Korgath the Bound,"ogre, level 20-20, elite",10%,0.1,korgath_bonus,,,,Exclusive roll group: at most one item from this group is selected by the listed weights.
staff_of_velkhar,Staff of Velkhar,weapon,rare,mainhand,quest_reward,q_velkhar,The Grand Necromancer,reward for priest,,,,,,priest,
staff_of_velkhar,Staff of Velkhar,weapon,rare,mainhand,quest_reward,q_velkhar,The Grand Necromancer,reward for mage,,,,,,mage,
staff_of_velkhar,Staff of Velkhar,weapon,rare,mainhand,quest_reward,q_velkhar,The Grand Necromancer,reward for warlock,,,,,,warlock,
staff_of_velkhar,Staff of Velkhar,weapon,rare,mainhand,quest_reward,q_velkhar,The Grand Necromancer,reward for druid,,,,,,druid,
stalkerhide_jerkin,Stalkerhide Jerkin,armor,common,chest,vendor,quartermaster_bree,Quartermaster Bree,Highwatch Quartermaster,,,,,,,Vendor price 0g 60s 0c
supply_crate,Stolen Supply Crate,quest,,,ground_object,supply_crate,Stolen Supply Crate,6 spawn positions,100%,1,,,,,
supply_crate,Stolen Supply Crate,quest,,,quest_objective,q_supplies,Stolen Supplies,Stolen Supply Crate x4,,,,,,,Required by quest objective; see mob_drop or ground_object rows for acquisition source.
storm_core,Storm Core,quest,,,mob_drop,stormcrag_elemental,Stormcrag Elemental,"elemental, level 17-18",55%,0.55,,q_shard_cores,Cores of the Storm,,
storm_core,Storm Core,quest,,,quest_objective,q_shard_cores,Cores of the Storm,Storm Core x6,,,,,,,Required by quest objective; see mob_drop or ground_object rows for acquisition source.
stormshard_leggings,Stormshard Leggings,armor,rare,legs,quest_reward,q_kazzix,The Shardlord,reward for warrior,,,,,,warrior,
stormshard_leggings,Stormshard Leggings,armor,rare,legs,quest_reward,q_kazzix,The Shardlord,reward for paladin,,,,,,paladin,
stormshard_leggings,Stormshard Leggings,armor,rare,legs,quest_reward,q_kazzix,The Shardlord,reward for hunter,,,,,,hunter,
stormshard_leggings,Stormshard Leggings,armor,rare,legs,quest_reward,q_kazzix,The Shardlord,reward for rogue,,,,,,rogue,
stormshard_leggings,Stormshard Leggings,armor,rare,legs,quest_reward,q_kazzix,The Shardlord,reward for priest,,,,,,priest,
stormshard_leggings,Stormshard Leggings,armor,rare,legs,quest_reward,q_kazzix,The Shardlord,reward for shaman,,,,,,shaman,
stormshard_leggings,Stormshard Leggings,armor,rare,legs,quest_reward,q_kazzix,The Shardlord,reward for mage,,,,,,mage,
stormshard_leggings,Stormshard Leggings,armor,rare,legs,quest_reward,q_kazzix,The Shardlord,reward for warlock,,,,,,warlock,
stormshard_leggings,Stormshard Leggings,armor,rare,legs,quest_reward,q_kazzix,The Shardlord,reward for druid,,,,,,druid,
tallow_candle,Tallow Candle,junk,poor,,mob_drop,deacon_voss,Deacon Voss,"humanoid, level 12-12, boss",100%,1,,,,,
tallow_candle,Tallow Candle,junk,poor,,mob_drop,deeprock_kobold,Deeprock Tunneler,"kobold, level 14-15",40%,0.4,,,,,
tallow_candle,Tallow Candle,junk,poor,,mob_drop,gravecaller_cultist,Gravecaller Cultist,"humanoid, level 10-12",30%,0.3,,,,,
tallow_candle,Tallow Candle,junk,poor,,mob_drop,sister_nhalia,Sister Nhalia,"humanoid, level 12-12, elite, rare",100%,1,,,,,
tallow_candle,Tallow Candle,junk,poor,,mob_drop,tunnel_rat,Tunnel Rat Digger,"kobold, level 4-6",60%,0.6,,,,,
tanned_leather_jerkin,Tanned Leather Jerkin,armor,common,chest,vendor,smith_haldren,Smith Haldren,Armorer & Weaponsmith,,,,,,,Vendor price 0g 16s 0c
tideguard_greaves,Tideguard Greaves,armor,rare,legs,mob_drop,knight_commander_olen,Knight-Commander Olen,"undead, level 13-13, elite",10%,0.1,olen_bonus,,,,Exclusive roll group: at most one item from this group is selected by the listed weights.
tideguard_sabatons,Tideguard Sabatons,armor,rare,feet,mob_drop,knight_commander_olen,Knight-Commander Olen,"undead, level 13-13, elite",10%,0.1,olen_bonus,,,,Exclusive roll group: at most one item from this group is selected by the listed weights.
tidescale_vest,Tidescale Vest,armor,rare,chest,mob_drop,vael_the_mistcaller,Vael the Mistcaller,"humanoid, level 13-13, boss, elite",10%,0.1,vael_bonus,,,,Exclusive roll group: at most one item from this group is selected by the listed weights.
tough_jerky,Tough Jerky,food,common,,mob_drop,elder_bristleback,Elder Bristleback,"beast, level 5-5, elite, rare",100%,1,,,,,
tough_jerky,Tough Jerky,food,common,,mob_drop,wild_boar,Wild Boar,"beast, level 2-3",30%,0.3,,,,,
tough_jerky,Tough Jerky,food,common,,vendor,trader_wilkes,Trader Wilkes,Provisioner,,,,,,,Vendor price 0g 0s 25c
training_mace,Training Mace,weapon,common,mainhand,starting_equipment,paladin,Paladin,start weapon,,,,,,paladin,
training_mace,Training Mace,weapon,common,mainhand,starting_equipment,shaman,Shaman,start weapon,,,,,,shaman,
trollhide_leggings,Trollhide Leggings,armor,uncommon,legs,mob_drop,knight_commander_olen,Knight-Commander Olen,"undead, level 13-13, elite",50%,0.5,olen_guaranteed_uncommon,,,,Exclusive roll group: at most one item from this group is selected by the listed weights.
trollhide_leggings,Trollhide Leggings,armor,uncommon,legs,mob_drop,vael_the_mistcaller,Vael the Mistcaller,"humanoid, level 13-13, boss, elite",34%,0.34,vael_guaranteed_uncommon,,,,Exclusive roll group: at most one item from this group is selected by the listed weights.
trollhide_leggings,Trollhide Leggings,armor,uncommon,legs,quest_reward,q_troll_fetishes,Fetish and Bone,reward for warrior,,,,,,warrior,
trollhide_leggings,Trollhide Leggings,armor,uncommon,legs,quest_reward,q_troll_fetishes,Fetish and Bone,reward for paladin,,,,,,paladin,
trollhide_leggings,Trollhide Leggings,armor,uncommon,legs,quest_reward,q_troll_fetishes,Fetish and Bone,reward for hunter,,,,,,hunter,
trollhide_leggings,Trollhide Leggings,armor,uncommon,legs,quest_reward,q_troll_fetishes,Fetish and Bone,reward for rogue,,,,,,rogue,
trollhide_leggings,Trollhide Leggings,armor,uncommon,legs,quest_reward,q_troll_fetishes,Fetish and Bone,reward for priest,,,,,,priest,
trollhide_leggings,Trollhide Leggings,armor,uncommon,legs,quest_reward,q_troll_fetishes,Fetish and Bone,reward for shaman,,,,,,shaman,
trollhide_leggings,Trollhide Leggings,armor,uncommon,legs,quest_reward,q_troll_fetishes,Fetish and Bone,reward for mage,,,,,,mage,
trollhide_leggings,Trollhide Leggings,armor,uncommon,legs,quest_reward,q_troll_fetishes,Fetish and Bone,reward for warlock,,,,,,warlock,
trollhide_leggings,Trollhide Leggings,armor,uncommon,legs,quest_reward,q_troll_fetishes,Fetish and Bone,reward for druid,,,,,,druid,
spider_leg,Twitching Spider Leg,junk,poor,,mob_drop,bonechill_widow,Bonechill Widow,"spider, level 8-9, elite",70%,0.7,,,,,
spider_leg,Twitching Spider Leg,junk,poor,,mob_drop,mire_widow,Mirefen Widow,"spider, level 8-10",40%,0.4,,,,,
spider_leg,Twitching Spider Leg,junk,poor,,mob_drop,sableweb_matriarch,Sableweb Matriarch,"spider, level 6-6, elite, rare",100%,1,,,,,
spider_leg,Twitching Spider Leg,junk,poor,,mob_drop,mirefen_broodmother,The Broodmother,"spider, level 10-10, boss",100%,1,,,,,
spider_leg,Twitching Spider Leg,junk,poor,,mob_drop,webwood_spider,Webwood Lurker,"spider, level 2-4",40%,0.4,,,,,
vaels_mist_staff,Vael's Mist-Staff,weapon,rare,mainhand,quest_reward,q_mistcaller,The Mistcaller,reward for priest,,,,,,priest,
vaels_mist_staff,Vael's Mist-Staff,weapon,rare,mainhand,quest_reward,q_mistcaller,The Mistcaller,reward for mage,,,,,,mage,
vaels_mist_staff,Vael's Mist-Staff,weapon,rare,mainhand,quest_reward,q_mistcaller,The Mistcaller,reward for warlock,,,,,,warlock,
vaels_mist_staff,Vael's Mist-Staff,weapon,rare,mainhand,quest_reward,q_mistcaller,The Mistcaller,reward for druid,,,,,,druid,
apprentice_staff,Vale Apprentice Staff,weapon,uncommon,mainhand,quest_reward,q_bandits,Bandits of the Vale,reward for priest,,,,,,priest,
apprentice_staff,Vale Apprentice Staff,weapon,uncommon,mainhand,quest_reward,q_bandits,Bandits of the Vale,reward for mage,,,,,,mage,
apprentice_staff,Vale Apprentice Staff,weapon,uncommon,mainhand,quest_reward,q_bandits,Bandits of the Vale,reward for warlock,,,,,,warlock,
apprentice_staff,Vale Apprentice Staff,weapon,uncommon,mainhand,quest_reward,q_bandits,Bandits of the Vale,reward for druid,,,,,,druid,
vale_carving_knife,Vale Carving Knife,weapon,common,mainhand,vendor,smith_haldren,Smith Haldren,Armorer & Weaponsmith,,,,,,,Vendor price 0g 12s 0c
valeborn_spellblade,Valeborn Spellblade,weapon,rare,mainhand,mob_drop,sableweb_matriarch,Sableweb Matriarch,"spider, level 6-6, elite, rare",25%,0.25,sableweb_matriarch_chase,,,,Exclusive roll group: at most one item from this group is selected by the listed weights.
valespun_robe,Valespun Robe,armor,common,chest,vendor,smith_haldren,Smith Haldren,Armorer & Weaponsmith,,,,,,,Vendor price 0g 14s 0c
woven_robe,Valewoven Robe,armor,uncommon,chest,quest_reward,q_ringleader,The Ringleader,reward for priest,,,,,,priest,
woven_robe,Valewoven Robe,armor,uncommon,chest,quest_reward,q_ringleader,The Ringleader,reward for mage,,,,,,mage,
woven_robe,Valewoven Robe,armor,uncommon,chest,quest_reward,q_ringleader,The Ringleader,reward for warlock,,,,,,warlock,
woven_robe,Valewoven Robe,armor,uncommon,chest,quest_reward,q_ringleader,The Ringleader,reward for druid,,,,,,druid,
voss_sanctified_mace,Voss's Sanctified Mace,weapon,uncommon,mainhand,mob_drop,deacon_voss,Deacon Voss,"humanoid, level 12-12, boss",25%,0.25,,,,,
waterlogged_idol,Waterlogged Idol,quest,,,mob_drop,deepfen_murloc,Deepfen Snapper,"murloc, level 8-9",50%,0.5,,q_idols,Idols of the Deep,,
waterlogged_idol,Waterlogged Idol,quest,,,quest_objective,q_idols,Idols of the Deep,Waterlogged Idol x5,,,,,,,Required by quest objective; see mob_drop or ground_object rows for acquisition source.
weathered_ledger_page,Weathered Ledger Page,quest,,,ground_object,weathered_ledger_page,Weathered Ledger Page,3 spawn positions,100%,1,,,,,
weathered_ledger_page,Weathered Ledger Page,quest,,,quest_objective,q_names_of_the_dead,The Names of the Dead,Weathered Ledger Page x3,,,,,,,Required by quest objective; see mob_drop or ground_object rows for acquisition source.
webwood_silk,Webwood Silk Gland,quest,,,mob_drop,webwood_spider,Webwood Lurker,"spider, level 2-4",55%,0.55,,q_spiders,Webwood Menace,,
webwood_silk,Webwood Silk Gland,quest,,,quest_objective,q_spiders,Webwood Menace,Webwood Silk Gland x4,,,,,,,Required by quest objective; see mob_drop or ground_object rows for acquisition source.
widow_venom_sac,Widow Venom Sac,quest,,,mob_drop,mire_widow,Mirefen Widow,"spider, level 8-10",65%,0.65,,q_widows,Silk and Venom,,
widow_venom_sac,Widow Venom Sac,quest,,,quest_objective,q_widows,Silk and Venom,Widow Venom Sac x6,,,,,,,Required by quest objective; see mob_drop or ground_object rows for acquisition source.
widowfang_dirk,Widowfang Dirk,weapon,rare,mainhand,quest_reward,q_hollow,Into the Hollow,reward for hunter,,,,,,hunter,
widowfang_dirk,Widowfang Dirk,weapon,rare,mainhand,quest_reward,q_hollow,Into the Hollow,reward for rogue,,,,,,rogue,
windguard_leggings,Windguard Leggings,armor,common,legs,vendor,quartermaster_bree,Quartermaster Bree,Highwatch Quartermaster,,,,,,,Vendor price 0g 45s 0c
worn_sword,Worn Shortsword,weapon,common,mainhand,starting_equipment,warrior,Warrior,start weapon,,,,,,warrior,
wyrmcult_grand_robe,Wyrmcult Grand Robe,armor,rare,chest,mob_drop,korgath_the_bound,Korgath the Bound,"ogre, level 20-20, elite",10%,0.1,korgath_bonus,,,,Exclusive roll group: at most one item from this group is selected by the listed weights.
wyrmcult_grand_robe,Wyrmcult Grand Robe,armor,rare,chest,quest_reward,q_gravewyrm,Korzul the Gravewyrm,reward for priest,,,,,,priest,
wyrmcult_grand_robe,Wyrmcult Grand Robe,armor,rare,chest,quest_reward,q_gravewyrm,Korzul the Gravewyrm,reward for mage,,,,,,mage,
wyrmcult_grand_robe,Wyrmcult Grand Robe,armor,rare,chest,quest_reward,q_gravewyrm,Korzul the Gravewyrm,reward for warlock,,,,,,warlock,
wyrmcult_grand_robe,Wyrmcult Grand Robe,armor,rare,chest,quest_reward,q_gravewyrm,Korzul the Gravewyrm,reward for druid,,,,,,druid,
wyrmcult_orders,Wyrmcult Orders,quest,,,mob_drop,wyrmcult_zealot,Wyrmcult Zealot,"humanoid, level 17-19",50%,0.5,,q_cult_orders,Orders from Below,,
wyrmcult_orders,Wyrmcult Orders,quest,,,quest_objective,q_cult_orders,Orders from Below,Wyrmcult Orders x4,,,,,,,Required by quest objective; see mob_drop or ground_object rows for acquisition source.
wyrmcult_soulsteps,Wyrmcult Soulsteps,armor,rare,feet,mob_drop,korgath_the_bound,Korgath the Bound,"ogre, level 20-20, elite",10%,0.1,korgath_bonus,,,,Exclusive roll group: at most one item from this group is selected by the listed weights.
wyrmfang_greatblade,Wyrmfang Greatblade,weapon,epic,mainhand,mob_drop,korzul_the_gravewyrm,Korzul the Gravewyrm,"dragonkin, level 20-20, boss, elite",5%,0.05,korzul_bonus,,,,Exclusive roll group: at most one item from this group is selected by the listed weights.
wyrmscale_jerkin,Wyrmscale Jerkin,armor,rare,chest,quest_reward,q_gravewyrm,Korzul the Gravewyrm,reward for hunter,,,,,,hunter,
wyrmscale_jerkin,Wyrmscale Jerkin,armor,rare,chest,quest_reward,q_gravewyrm,Korzul the Gravewyrm,reward for rogue,,,,,,rogue,
wyrmshadow_harness,Wyrmshadow Harness,armor,epic,chest,mob_drop,korzul_the_gravewyrm,Korzul the Gravewyrm,"dragonkin, level 20-20, boss, elite",5%,0.05,korzul_bonus,,,,Exclusive roll group: at most one item from this group is selected by the listed weights.
wyrmshadow_legguards,Wyrmshadow Legguards,armor,epic,legs,mob_drop,grand_necromancer_velkhar,Grand Necromancer Velkhar,"humanoid, level 20-20, elite",5%,0.05,velkhar_bonus,,,,Exclusive roll group: at most one item from this group is selected by the listed weights.
wyrmshadow_treads,Wyrmshadow Treads,armor,epic,feet,mob_drop,korgath_the_bound,Korgath the Bound,"ogre, level 20-20, elite",5%,0.05,korgath_bonus,,,,Exclusive roll group: at most one item from this group is selected by the listed weights.
zealotsbane_blade,Zealotsbane Blade,weapon,uncommon,mainhand,mob_drop,korgath_the_bound,Korgath the Bound,"ogre, level 20-20, elite",20%,0.2,korgath_bonus,,,,Exclusive roll group: at most one item from this group is selected by the listed weights.
zealotsbane_blade,Zealotsbane Blade,weapon,uncommon,mainhand,quest_reward,q_voice_below,The Voice Below,reward for warrior,,,,,,warrior,
zealotsbane_blade,Zealotsbane Blade,weapon,uncommon,mainhand,quest_reward,q_voice_below,The Voice Below,reward for paladin,,,,,,paladin,
zealotsbane_blade,Zealotsbane Blade,weapon,uncommon,mainhand,quest_reward,q_voice_below,The Voice Below,reward for shaman,,,,,,shaman,
